{
  "model": "lr",
  "task": "binary",
  "n_samples": 872887,
  "accuracy": 0.4876049248069911,
  "macro_f1": 0.3908938934091429,
  "weighted_f1": 0.6117472037683633,
  "per_class": {
    "Benign": {
      "precision": 0.08008711923931235,
      "recall": 0.9899236641221374,
      "f1": 0.1481856739374294,
      "support": 39300
    },
    "Malicious": {
      "precision": 0.9989770508064766,
      "recall": 0.46392278190518804,
      "f1": 0.6336021128808563,
      "support": 833587
    }
  },
  "fpr_benign": 0.010076,
  "roc_auc": 0.9251080562527149,
  "confusion_matrix": [
    [
      38904,
      396
    ],
    [
      446867,
      386720
    ]
  ],
  "confusion_matrix_labels": [
    "Benign",
    "Malicious"
  ],
  "classification_report": "              precision    recall  f1-score   support\n\n      Benign       0.08      0.99      0.15     39300\n   Malicious       1.00      0.46      0.63    833587\n\n    accuracy                           0.49    872887\n   macro avg       0.54      0.73      0.39    872887\nweighted avg       0.96      0.49      0.61    872887\n"
}