{
  "model": "lr",
  "task": "34class",
  "n_samples": 2911,
  "accuracy": 0.03469598076262453,
  "macro_f1": 0.03295968981850205,
  "weighted_f1": 0.03594470218825781,
  "per_class": {
    "BACKDOOR_MALWARE": {
      "precision": 0.0,
      "recall": 0.0,
      "f1": 0.0,
      "support": 3
    },
    "BENIGN": {
      "precision": 0.6,
      "recall": 0.03333333333333333,
      "f1": 0.06315789473684211,
      "support": 450
    },
    "BROWSERHIJACKING": {
      "precision": 0.008264462809917356,
      "recall": 0.2,
      "f1": 0.015873015873015872,
      "support": 5
    },
    "COMMANDINJECTION": {
      "precision": 0.010869565217391304,
      "recall": 0.16666666666666666,
      "f1": 0.02040816326530612,
      "support": 6
    },
    "DDOS-ACK_FRAGMENTATION": {
      "precision": 0.05405405405405406,
      "recall": 0.1,
      "f1": 0.07017543859649122,
      "support": 60
    },
    "DDOS-HTTP_FLOOD": {
      "precision": 0.02531645569620253,
      "recall": 0.02666666666666667,
      "f1": 0.025974025974025976,
      "support": 75
    },
    "DDOS-ICMP_FLOOD": {
      "precision": 0.12121212121212122,
      "recall": 0.01568627450980392,
      "f1": 0.027777777777777776,
      "support": 255
    },
    "DDOS-ICMP_FRAGMENTATION": {
      "precision": 0.01818181818181818,
      "recall": 0.07142857142857142,
      "f1": 0.028985507246376812,
      "support": 42
    },
    "DDOS-PSHACK_FLOOD": {
      "precision": 0.06557377049180328,
      "recall": 0.08888888888888889,
      "f1": 0.07547169811320754,
      "support": 90
    },
    "DDOS-RSTFINFLOOD": {
      "precision": 0.07547169811320754,
      "recall": 0.041237113402061855,
      "f1": 0.05333333333333334,
      "support": 97
    },
    "DDOS-SLOWLORIS": {
      "precision": 0.003355704697986577,
      "recall": 0.06666666666666667,
      "f1": 0.006389776357827476,
      "support": 15
    },
    "DDOS-SYNONYMOUSIP_FLOOD": {
      "precision": 0.0851063829787234,
      "recall": 0.047619047619047616,
      "f1": 0.061068702290076333,
      "support": 84
    },
    "DDOS-SYN_FLOOD": {
      "precision": 0.04,
      "recall": 0.0033333333333333335,
      "f1": 0.006153846153846154,
      "support": 300
    },
    "DDOS-TCP_FLOOD": {
      "precision": 0.13636363636363635,
      "recall": 0.00909090909090909,
      "f1": 0.017045454545454544,
      "support": 330
    },
    "DDOS-UDP_FLOOD": {
      "precision": 0.07407407407407407,
      "recall": 0.007017543859649123,
      "f1": 0.01282051282051282,
      "support": 285
    },
    "DDOS-UDP_FRAGMENTATION": {
      "precision": 0.0379746835443038,
      "recall": 0.047619047619047616,
      "f1": 0.04225352112676056,
      "support": 63
    },
    "DICTIONARYBRUTEFORCE": {
      "precision": 0.01904761904761905,
      "recall": 0.2222222222222222,
      "f1": 0.03508771929824561,
      "support": 9
    },
    "DNS_SPOOFING": {
      "precision": 0.0,
      "recall": 0.0,
      "f1": 0.0,
      "support": 30
    },
    "DOS-HTTP_FLOOD": {
      "precision": 0.032,
      "recall": 0.4444444444444444,
      "f1": 0.05970149253731343,
      "support": 18
    },
    "DOS-SYN_FLOOD": {
      "precision": 0.058823529411764705,
      "recall": 0.017699115044247787,
      "f1": 0.027210884353741496,
      "support": 113
    },
    "DOS-TCP_FLOOD": {
      "precision": 0.05172413793103448,
      "recall": 0.022222222222222223,
      "f1": 0.031088082901554404,
      "support": 135
    },
    "DOS-UDP_FLOOD": {
      "precision": 0.08536585365853659,
      "recall": 0.06666666666666667,
      "f1": 0.0748663101604278,
      "support": 105
    },
    "MIRAI-GREETH_FLOOD": {
      "precision": 0.023809523809523808,
      "recall": 0.02666666666666667,
      "f1": 0.025157232704402517,
      "support": 75
    },
    "MIRAI-GREIP_FLOOD": {
      "precision": 0.06741573033707865,
      "recall": 0.09230769230769231,
      "f1": 0.07792207792207792,
      "support": 65
    },
    "MIRAI-UDPPLAIN": {
      "precision": 0.046875,
      "recall": 0.05263157894736842,
      "f1": 0.049586776859504134,
      "support": 57
    },
    "MITM-ARPSPOOFING": {
      "precision": 0.031746031746031744,
      "recall": 0.07692307692307693,
      "f1": 0.0449438202247191,
      "support": 26
    },
    "RECON-HOSTDISCOVERY": {
      "precision": 0.05128205128205128,
      "recall": 0.06060606060606061,
      "f1": 0.05555555555555555,
      "support": 33
    },
    "RECON-OSSCAN": {
      "precision": 0.015151515151515152,
      "recall": 0.05263157894736842,
      "f1": 0.023529411764705882,
      "support": 19
    },
    "RECON-PINGSWEEP": {
      "precision": 0.0136986301369863,
      "recall": 0.3333333333333333,
      "f1": 0.02631578947368421,
      "support": 6
    },
    "RECON-PORTSCAN": {
      "precision": 0.016666666666666666,
      "recall": 0.058823529411764705,
      "f1": 0.025974025974025976,
      "support": 17
    },
    "SQLINJECTION": {
      "precision": 0.0,
      "recall": 0.0,
      "f1": 0.0,
      "support": 7
    },
    "UPLOADING_ATTACK": {
      "precision": 0.008547008547008548,
      "recall": 0.2,
      "f1": 0.01639344262295082,
      "support": 5
    },
    "VULNERABILITYSCAN": {
      "precision": 0.0,
      "recall": 0.0,
      "f1": 0.0,
      "support": 24
    },
    "XSS": {
      "precision": 0.01098901098901099,
      "recall": 0.14285714285714285,
      "f1": 0.02040816326530612,
      "support": 7
    }
  },
  "fpr_benign": 1.0,