{
  "model": "lr",
  "task": "8class",
  "n_samples": 872887,
  "accuracy": 0.2549516718658887,
  "macro_f1": 0.1604442963996398,
  "weighted_f1": 0.24849733763503978,
  "per_class": {
    "Benign": {
      "precision": 0.028276827113498642,
      "recall": 0.12134860050890585,
      "f1": 0.045865912653759965,
      "support": 39300
    },
    "DDoS": {
      "precision": 0.9795295860074759,
      "recall": 0.10677350102920007,
      "f1": 0.19255731573958057,
      "support": 520307
    },
    "DoS": {
      "precision": 0.2614292943406772,
      "recall": 0.3874616607338751,
      "f1": 0.31220601168060974,
      "support": 178668
    },
    "Mirai": {
      "precision": 0.448133594321064,
      "recall": 0.9911247097628193,
      "f1": 0.617201620231954,
      "support": 92166
    },
    "Recon": {
      "precision": 0.8077388149939541,
      "recall": 0.027129106932542744,
      "f1": 0.0524950884086444,
      "support": 24623
    },
    "Spoofing": {
      "precision": 0.3059572006940428,
      "recall": 0.032130709426627796,
      "f1": 0.05815423514538559,
      "support": 16464
    },
    "Web": {
      "precision": 0.0,
      "recall": 0.0,
      "f1": 0.0,
      "support": 890
    },
    "BruteForce": {
      "precision": 0.002543850185394439,
      "recall": 0.9552238805970149,
      "f1": 0.005074187337184279,
      "support": 469
    }
  },
  "fpr_benign": 0.878651,
  "confusion_matrix": [
    [
      4769,
      0,
      0,
      2313,
      0,
      291,
      15,
      31912
    ],
    [
      126364,
      55555,
      195575,
      70939,
      115,
      600,
      2,
      71157
    ],
    [
      32890,
      1161,
      69227,
      36794,
      27,
      123,
      1,
      38445
    ],
    [
      5,
      0,
      0,
      91348,
      0,
      1,
      1,
      811
    ],
    [
      1441,
      0,
      0,
      295,
      668,
      181,
      5,
      22033
    ],
    [
      3131,
      0,
      0,
      2074,
      17,
      529,
      182,
      10531
    ],
    [
      40,
      0,
      0,
      73,
      0,
      3,
      0,
      774
    ],
    [
      14,
      0,
      0,
      5,
      0,
      1,
      1,
      448
    ]
  ],
  "confusion_matrix_labels": [
    "Benign",
    "DDoS",
    "DoS",
    "Mirai",
    "Recon",
    "Spoofing",
    "Web",
    "BruteForce"
  ],
  "classification_report": "              precision    recall  f1-score   support\n\n      Benign       0.03      0.12      0.05     39300\n        DDoS       0.98      0.11      0.19    520307\n         DoS       0.26      0.39      0.31    178668\n       Mirai       0.45      0.99      0.62     92166\n       Recon       0.81      0.03      0.05     24623\n    Spoofing       0.31      0.03      0.06     16464\n         Web       0.00      0.00      0.00       890\n  BruteForce       0.00      0.96      0.01       469\n\n    accuracy                           0.25    872887\n   macro avg       0.35      0.33      0.16    872887\nweighted avg       0.71      0.25      0.25    872887\n"
}