{
  "model": "gb",
  "task": "8class",
  "n_samples": 841523,
  "accuracy": 0.7800737472416084,
  "macro_f1": 0.6164037253247001,
  "weighted_f1": 0.795542296542936,
  "per_class": {
    "Benign": {
      "precision": 0.8194217281623375,
      "recall": 0.7834349324145242,
      "f1": 0.8010243486037153,
      "support": 37730
    },
    "DDoS": {
      "precision": 0.9548850075503468,
      "recall": 0.711377257431854,
      "f1": 0.8153380078390206,
      "support": 502230
    },
    "DoS": {
      "precision": 0.5177169092780963,
      "recall": 0.9021167400113791,
      "f1": 0.6578814224898017,
      "support": 172246
    },
    "Mirai": {
      "precision": 0.9966177365893256,
      "recall": 0.9981481899686095,
      "f1": 0.9973823761705969,
      "support": 88562
    },
    "Recon": {
      "precision": 0.7531898123060249,
      "recall": 0.6467428087986463,
      "f1": 0.6959193427251417,
      "support": 23640
    },
    "Spoofing": {
      "precision": 0.8765927113962398,
      "recall": 0.6222250332047309,
      "f1": 0.7278242213508914,
      "support": 15811
    },
    "Web": {
      "precision": 0.06129120130754563,
      "recall": 0.5269320843091335,
      "f1": 0.10980966325036604,
      "support": 854
    },
    "BruteForce": {
      "precision": 0.07091212458286986,
      "recall": 0.5666666666666667,
      "f1": 0.12605042016806722,
      "support": 450
    }
  },
  "fpr_benign": 0.216565,
  "confusion_matrix": [
    [
      29559,
      0,
      0,
      0,
      3674,
      734,
      2192,
      1571
    ],
    [
      4,
      357275,
      144678,
      251,
      13,
      5,
      4,
      0
    ],
    [
      3,
      16795,
      155386,
      49,
      6,
      5,
      2,
      0
    ],
    [
      0,
      85,
      73,
      88398,
      0,
      6,
      0,
      0
    ],
    [
      3409,
      0,
      0,
      0,
      15289,
      567,
      2947,
      1428
    ],
    [
      2918,
      0,
      0,
      0,
      1093,
      9838,
      1691,
      271
    ],
    [
      105,
      0,
      0,
      0,
      187,
      41,
      450,
      71
    ],
    [
      75,
      0,
      0,
      0,
      37,
      27,
      56,
      255
    ]
  ],
  "confusion_matrix_labels": [
    "Benign",
    "DDoS",
    "DoS",
    "Mirai",
    "Recon",
    "Spoofing",
    "Web",
    "BruteForce"
  ],
  "classification_report": "              precision    recall  f1-score   support\n\n      Benign       0.82      0.78      0.80     37730\n        DDoS       0.95      0.71      0.82    502230\n         DoS       0.52      0.90      0.66    172246\n       Mirai       1.00      1.00      1.00     88562\n       Recon       0.75      0.65      0.70     23640\n    Spoofing       0.88      0.62      0.73     15811\n         Web       0.06      0.53      0.11       854\n  BruteForce       0.07      0.57      0.13       450\n\n    accuracy                           0.78    841523\n   macro avg       0.63      0.72      0.62    841523\nweighted avg       0.86      0.78      0.80    841523\n"
}