{
  "model": "gb",
  "task": "34class",
  "n_samples": 2911,
  "accuracy": 0.10614908965991068,
  "macro_f1": 0.0491738526442958,
  "weighted_f1": 0.12293090599725205,
  "per_class": {
    "BACKDOOR_MALWARE": {
      "precision": 0.0,
      "recall": 0.0,
      "f1": 0.0,
      "support": 3
    },
    "BENIGN": {
      "precision": 0.6534653465346535,
      "recall": 0.44,
      "f1": 0.5258964143426295,
      "support": 450
    },
    "BROWSERHIJACKING": {
      "precision": 0.0,
      "recall": 0.0,
      "f1": 0.0,
      "support": 5
    },
    "COMMANDINJECTION": {
      "precision": 0.0,
      "recall": 0.0,
      "f1": 0.0,
      "support": 6
    },
    "DDOS-ACK_FRAGMENTATION": {
      "precision": 0.05555555555555555,
      "recall": 0.1,
      "f1": 0.07142857142857142,
      "support": 60
    },
    "DDOS-HTTP_FLOOD": {
      "precision": 0.0234375,
      "recall": 0.04,
      "f1": 0.029556650246305417,
      "support": 75
    },
    "DDOS-ICMP_FLOOD": {
      "precision": 0.06976744186046512,
      "recall": 0.023529411764705882,
      "f1": 0.03519061583577713,
      "support": 255
    },
    "DDOS-ICMP_FRAGMENTATION": {
      "precision": 0.0,
      "recall": 0.0,
      "f1": 0.0,
      "support": 42
    },
    "DDOS-PSHACK_FLOOD": {
      "precision": 0.02857142857142857,
      "recall": 0.03333333333333333,
      "f1": 0.03076923076923077,
      "support": 90
    },
    "DDOS-RSTFINFLOOD": {
      "precision": 0.05128205128205128,
      "recall": 0.061855670103092786,
      "f1": 0.056074766355140186,
      "support": 97
    },
    "DDOS-SLOWLORIS": {
      "precision": 0.008928571428571428,
      "recall": 0.06666666666666667,
      "f1": 0.015748031496062992,
      "support": 15
    },
    "DDOS-SYNONYMOUSIP_FLOOD": {
      "precision": 0.032,
      "recall": 0.047619047619047616,
      "f1": 0.03827751196172249,
      "support": 84
    },
    "DDOS-SYN_FLOOD": {
      "precision": 0.1728395061728395,
      "recall": 0.04666666666666667,
      "f1": 0.07349081364829396,
      "support": 300
    },
    "DDOS-TCP_FLOOD": {
      "precision": 0.1927710843373494,
      "recall": 0.048484848484848485,
      "f1": 0.0774818401937046,
      "support": 330
    },
    "DDOS-UDP_FLOOD": {
      "precision": 0.058823529411764705,
      "recall": 0.014035087719298246,
      "f1": 0.0226628895184136,
      "support": 285
    },
    "DDOS-UDP_FRAGMENTATION": {
      "precision": 0.01639344262295082,
      "recall": 0.031746031746031744,
      "f1": 0.021621621621621623,
      "support": 63
    },
    "DICTIONARYBRUTEFORCE": {
      "precision": 0.0,
      "recall": 0.0,
      "f1": 0.0,
      "support": 9
    },
    "DNS_SPOOFING": {
      "precision": 0.03125,
      "recall": 0.1,
      "f1": 0.047619047619047616,
      "support": 30
    },
    "DOS-HTTP_FLOOD": {
      "precision": 0.009174311926605505,
      "recall": 0.05555555555555555,
      "f1": 0.015748031496062992,
      "support": 18
    },
    "DOS-SYN_FLOOD": {
      "precision": 0.054945054945054944,
      "recall": 0.04424778761061947,
      "f1": 0.049019607843137254,
      "support": 113
    },
    "DOS-TCP_FLOOD": {
      "precision": 0.02654867256637168,
      "recall": 0.022222222222222223,
      "f1": 0.024193548387096774,
      "support": 135
    },
    "DOS-UDP_FLOOD": {
      "precision": 0.0784313725490196,
      "recall": 0.0761904761904762,
      "f1": 0.07729468599033816,
      "support": 105
    },
    "MIRAI-GREETH_FLOOD": {
      "precision": 0.056074766355140186,
      "recall": 0.08,
      "f1": 0.06593406593406594,
      "support": 75
    },
    "MIRAI-GREIP_FLOOD": {
      "precision": 0.04597701149425287,
      "recall": 0.06153846153846154,
      "f1": 0.05263157894736842,
      "support": 65
    },
    "MIRAI-UDPPLAIN": {
      "precision": 0.10666666666666667,
      "recall": 0.14035087719298245,
      "f1": 0.12121212121212122,
      "support": 57
    },
    "MITM-ARPSPOOFING": {
      "precision": 0.011627906976744186,
      "recall": 0.038461538461538464,
      "f1": 0.017857142857142856,
      "support": 26
    },
    "RECON-HOSTDISCOVERY": {
      "precision": 0.02666666666666667,
      "recall": 0.06060606060606061,
      "f1": 0.037037037037037035,
      "support": 33
    },
    "RECON-OSSCAN": {
      "precision": 0.08571428571428572,
      "recall": 0.15789473684210525,
      "f1": 0.1111111111111111,
      "support": 19
    },
    "RECON-PINGSWEEP": {
      "precision": 0.0,
      "recall": 0.0,
      "f1": 0.0,
      "support": 6
    },
    "RECON-PORTSCAN": {
      "precision": 0.03508771929824561,
      "recall": 0.11764705882352941,
      "f1": 0.05405405405405406,
      "support": 17
    },
    "SQLINJECTION": {
      "precision": 0.0,
      "recall": 0.0,
      "f1": 0.0,
      "support": 7
    },
    "UPLOADING_ATTACK": {
      "precision": 0.0,
      "recall": 0.0,
      "f1": 0.0,
      "support": 5
    },
    "VULNERABILITYSCAN": {
      "precision": 0.0,
      "recall": 0.0,
      "f1": 0.0,
      "support": 24
    },
    "XSS": {
      "precision": 0.0,
      "recall": 0.0,
      "f1": 0.0,
      "support": 7
    }
  },
  "fpr_benign": 1.0,