{
  "model": "gb",
  "task": "8class",
  "n_samples": 2911,
  "accuracy": 0.436276193747853,
  "macro_f1": 0.24543567701231728,
  "weighted_f1": 0.47856929565771306,
  "per_class": {
    "Benign": {
      "precision": 0.6265306122448979,
      "recall": 0.6822222222222222,
      "f1": 0.6531914893617021,
      "support": 450
    },
    "DDoS": {
      "precision": 0.7699481865284974,
      "recall": 0.4380896226415094,
      "f1": 0.5584366779406238,
      "support": 1696
    },
    "DoS": {
      "precision": 0.16463414634146342,
      "recall": 0.29110512129380056,
      "f1": 0.2103213242453749,
      "support": 371
    },
    "Mirai": {
      "precision": 0.20215633423180593,
      "recall": 0.38071065989847713,
      "f1": 0.2640845070422535,
      "support": 197
    },
    "Recon": {
      "precision": 0.11570247933884298,
      "recall": 0.2828282828282828,
      "f1": 0.16422287390029325,
      "support": 99
    },
    "Spoofing": {
      "precision": 0.06349206349206349,
      "recall": 0.14285714285714285,
      "f1": 0.08791208791208792,
      "support": 56
    },
    "Web": {
      "precision": 0.021739130434782608,
      "recall": 0.030303030303030304,
      "f1": 0.02531645569620253,
      "support": 33
    },
    "BruteForce": {
      "precision": 0.0,
      "recall": 0.0,
      "f1": 0.0,
      "support": 9
    }
  },
  "fpr_benign": 0.317778,
  "confusion_matrix": [
    [
      307,
      0,
      2,
      3,
      37,
      77,
      14,
      10
    ],
    [
      66,
      743,
      516,
      226,
      112,
      15,
      16,
      2
    ],
    [
      15,
      169,
      108,
      43,
      25,
      7,
      4,
      0
    ],
    [
      10,
      44,
      25,
      75,
      27,
      7,
      9,
      0
    ],
    [
      27,
      9,
      4,
      21,
      28,
      6,
      2,
      2
    ],
    [
      38,
      0,
      1,
      0,
      9,
      8,
      0,
      0
    ],
    [
      21,
      0,
      0,
      3,
      4,
      3,
      1,
      1
    ],
    [
      6,
      0,
      0,
      0,
      0,
      3,
      0,
      0
    ]
  ],
  "confusion_matrix_labels": [
    "Benign",
    "DDoS",
    "DoS",
    "Mirai",
    "Recon",
    "Spoofing",
    "Web",
    "BruteForce"
  ],
  "classification_report": "              precision    recall  f1-score   support\n\n      Benign       0.63      0.68      0.65       450\n        DDoS       0.77      0.44      0.56      1696\n         DoS       0.16      0.29      0.21       371\n       Mirai       0.20      0.38      0.26       197\n       Recon       0.12      0.28      0.16        99\n    Spoofing       0.06      0.14      0.09        56\n         Web       0.02      0.03      0.03        33\n  BruteForce       0.00      0.00      0.00         9\n\n    accuracy                           0.44      2911\n   macro avg       0.25      0.28      0.25      2911\nweighted avg       0.59      0.44      0.48      2911\n"
}