{
  "model": "gb",
  "task": "8class",
  "n_samples": 1332483,
  "accuracy": 0.7897031331731812,
  "macro_f1": 0.6667421143783119,
  "weighted_f1": 0.8024670455003879,
  "per_class": {
    "Benign": {
      "precision": 0.8036564410265078,
      "recall": 0.9077429721431185,
      "f1": 0.8525344589294386,
      "support": 62857
    },
    "DDoS": {
      "precision": 0.9570113313226314,
      "recall": 0.708501745185102,
      "f1": 0.8142166014399994,
      "support": 783298
    },
    "DoS": {
      "precision": 0.5208998685939553,
      "recall": 0.9086084797541377,
      "f1": 0.6621773678400851,
      "support": 272673
    },
    "Mirai": {
      "precision": 0.9964099863921388,
      "recall": 0.9989716448198321,
      "f1": 0.9976891712854712,
      "support": 145864
    },
    "Recon": {
      "precision": 0.8652686954298031,
      "recall": 0.6019518641827839,
      "f1": 0.7099820143884892,
      "support": 39347
    },
    "Spoofing": {
      "precision": 0.9597444648639187,
      "recall": 0.8349130219633817,
      "f1": 0.8929872773536895,
      "support": 26271
    },
    "Web": {
      "precision": 0.11574981160512435,
      "recall": 0.5397048489107519,
      "f1": 0.1906180193596426,
      "support": 1423
    },
    "BruteForce": {
      "precision": 0.13487071977638015,
      "recall": 0.5146666666666667,
      "f1": 0.21373200442967885,
      "support": 750
    }
  },
  "fpr_benign": 0.092257,
  "confusion_matrix": [
    [
      57058,
      0,
      0,
      0,
      3000,
      418,
      1480,
      901
    ],
    [
      14,
      554968,
      227822,
      455,
      23,
      5,
      11,
      0
    ],
    [
      4,
      24833,
      247753,
      70,
      12,
      1,
      0,
      0
    ],
    [
      0,
      96,
      49,
      145714,
      0,
      4,
      1,
      0
    ],
    [
      10450,
      0,
      0,
      0,
      23685,
      458,
      3459,
      1295
    ],
    [
      2917,
      0,
      1,
      0,
      364,
      21934,
      841,
      214
    ],
    [
      338,
      0,
      0,
      0,
      221,
      30,
      768,
      66
    ],
    [
      217,
      0,
      0,
      0,
      68,
      4,
      75,
      386
    ]
  ],
  "confusion_matrix_labels": [
    "Benign",
    "DDoS",
    "DoS",
    "Mirai",
    "Recon",
    "Spoofing",
    "Web",
    "BruteForce"
  ],
  "classification_report": "              precision    recall  f1-score   support\n\n      Benign       0.80      0.91      0.85     62857\n        DDoS       0.96      0.71      0.81    783298\n         DoS       0.52      0.91      0.66    272673\n       Mirai       1.00      1.00      1.00    145864\n       Recon       0.87      0.60      0.71     39347\n    Spoofing       0.96      0.83      0.89     26271\n         Web       0.12      0.54      0.19      1423\n  BruteForce       0.13      0.51      0.21       750\n\n    accuracy                           0.79   1332483\n   macro avg       0.67      0.75      0.67   1332483\nweighted avg       0.86      0.79      0.80   1332483\n"
}