{
  "model": "gb",
  "task": "binary",
  "n_samples": 1028148,
  "accuracy": 0.9742167470052949,
  "macro_f1": 0.883217983785474,
  "weighted_f1": 0.9768500111640226,
  "per_class": {
    "Benign": {
      "precision": 0.6405911598447184,
      "recall": 0.9973914149983033,
      "f1": 0.780130549818773,
      "support": 47152
    },
    "Malicious": {
      "precision": 0.9998711681695301,
      "recall": 0.973102846494787,
      "f1": 0.9863054177521751,
      "support": 980996
    }
  },
  "fpr_benign": 0.002609,
  "roc_auc": 0.9961433317958398,
  "confusion_matrix": [
    [
      47029,
      123
    ],
    [
      26386,
      954610
    ]
  ],
  "confusion_matrix_labels": [
    "Benign",
    "Malicious"
  ],
  "classification_report": "              precision    recall  f1-score   support\n\n      Benign       0.64      1.00      0.78     47152\n   Malicious       1.00      0.97      0.99    980996\n\n    accuracy                           0.97   1028148\n   macro avg       0.82      0.99      0.88   1028148\nweighted avg       0.98      0.97      0.98   1028148\n"
}