{
  "model": "lr",
  "task": "8class",
  "n_samples": 2911,
  "accuracy": 0.3260048093438681,
  "macro_f1": 0.21082240165918686,
  "weighted_f1": 0.38681128778229734,
  "per_class": {
    "Benign": {
      "precision": 0.593939393939394,
      "recall": 0.21777777777777776,
      "f1": 0.31869918699186994,
      "support": 450
    },
    "DDoS": {
      "precision": 0.7882822902796272,
      "recall": 0.3490566037735849,
      "f1": 0.48385778504290966,
      "support": 1696
    },
    "DoS": {
      "precision": 0.17166212534059946,
      "recall": 0.33962264150943394,
      "f1": 0.22805429864253393,
      "support": 371
    },
    "Mirai": {
      "precision": 0.18204488778054864,
      "recall": 0.37055837563451777,
      "f1": 0.24414715719063546,
      "support": 197
    },
    "Recon": {
      "precision": 0.14782608695652175,
      "recall": 0.3434343434343434,
      "f1": 0.2066869300911854,
      "support": 99
    },
    "Spoofing": {
      "precision": 0.07239819004524888,
      "recall": 0.2857142857142857,
      "f1": 0.11552346570397112,
      "support": 56
    },
    "Web": {
      "precision": 0.0374331550802139,
      "recall": 0.21212121212121213,
      "f1": 0.06363636363636363,
      "support": 33
    },
    "BruteForce": {
      "precision": 0.013513513513513514,
      "recall": 0.3333333333333333,
      "f1": 0.025974025974025976,
      "support": 9
    }
  },
  "fpr_benign": 0.782222,
  "confusion_matrix": [
    [
      98,
      0,
      0,
      1,
      24,
      132,
      77,
      118
    ],
    [
      28,
      592,
      578,
      261,
      105,
      37,
      55,
      40
    ],
    [
      4,
      131,
      126,
      57,
      26,
      4,
      15,
      8
    ],
    [
      2,
      28,
      27,
      73,
      32,
      10,
      13,
      12
    ],
    [
      7,
      0,
      3,
      9,
      34,
      14,
      14,
      18
    ],
    [
      18,
      0,
      0,
      0,
      6,
      16,
      4,
      12
    ],
    [
      5,
      0,
      0,
      0,
      3,
      7,
      7,
      11
    ],
    [
      3,
      0,
      0,
      0,
      0,
      1,
      2,
      3
    ]
  ],
  "confusion_matrix_labels": [
    "Benign",
    "DDoS",
    "DoS",
    "Mirai",
    "Recon",
    "Spoofing",
    "Web",
    "BruteForce"
  ],
  "classification_report": "              precision    recall  f1-score   support\n\n      Benign       0.59      0.22      0.32       450\n        DDoS       0.79      0.35      0.48      1696\n         DoS       0.17      0.34      0.23       371\n       Mirai       0.18      0.37      0.24       197\n       Recon       0.15      0.34      0.21        99\n    Spoofing       0.07      0.29      0.12        56\n         Web       0.04      0.21      0.06        33\n  BruteForce       0.01      0.33      0.03         9\n\n    accuracy                           0.33      2911\n   macro avg       0.25      0.31      0.21      2911\nweighted avg       0.59      0.33      0.39      2911\n"
}