{
  "model": "gb",
  "task": "8class",
  "n_samples": 872887,
  "accuracy": 0.7788843229421448,
  "macro_f1": 0.6139332961608184,
  "weighted_f1": 0.7948005524363753,
  "per_class": {
    "Benign": {
      "precision": 0.819052190841934,
      "recall": 0.7814758269720101,
      "f1": 0.7998229097490788,
      "support": 39300
    },
    "DDoS": {
      "precision": 0.9545691528625925,
      "recall": 0.710818805051633,
      "f1": 0.8148560236099468,
      "support": 520307
    },
    "DoS": {
      "precision": 0.5174078380236001,
      "recall": 0.901655584659816,
      "f1": 0.6575092546865243,
      "support": 178668
    },
    "Mirai": {
      "precision": 0.9963605641125626,
      "recall": 0.9980470021482977,
      "f1": 0.9972030701183817,
      "support": 92166
    },
    "Recon": {
      "precision": 0.7649522447520303,
      "recall": 0.6082524468992405,
      "f1": 0.67766164426949,
      "support": 24623
    },
    "Spoofing": {
      "precision": 0.8765266856282415,
      "recall": 0.636418853255588,
      "f1": 0.737419945105215,
      "support": 16464
    },
    "Web": {
      "precision": 0.05918506715228773,
      "recall": 0.5842696629213483,
      "f1": 0.10748243075651095,
      "support": 890
    },
    "BruteForce": {
      "precision": 0.06685236768802229,
      "recall": 0.5628997867803838,
      "f1": 0.11951109099139882,
      "support": 469
    }
  },
  "fpr_benign": 0.218524,
  "confusion_matrix": [
    [
      30712,
      0,
      1,
      0,
      3634,
      808,
      2432,
      1713
    ],
    [
      4,
      369844,
      150165,
      283,
      11,
      0,
      0,
      0
    ],
    [
      1,
      17514,
      161097,
      53,
      1,
      2,
      0,
      0
    ],
    [
      0,
      88,
      91,
      91986,
      0,
      1,
      0,
      0
    ],
    [
      3338,
      0,
      0,
      0,
      14977,
      596,
      4095,
      1617
    ],
    [
      3264,
      0,
      0,
      0,
      751,
      10478,
      1671,
      300
    ],
    [
      96,
      0,
      0,
      0,
      160,
      59,
      520,
      55
    ],
    [
      82,
      0,
      0,
      0,
      45,
      10,
      68,
      264
    ]
  ],
  "confusion_matrix_labels": [
    "Benign",
    "DDoS",
    "DoS",
    "Mirai",
    "Recon",
    "Spoofing",
    "Web",
    "BruteForce"
  ],
  "classification_report": "              precision    recall  f1-score   support\n\n      Benign       0.82      0.78      0.80     39300\n        DDoS       0.95      0.71      0.81    520307\n         DoS       0.52      0.90      0.66    178668\n       Mirai       1.00      1.00      1.00     92166\n       Recon       0.76      0.61      0.68     24623\n    Spoofing       0.88      0.64      0.74     16464\n         Web       0.06      0.58      0.11       890\n  BruteForce       0.07      0.56      0.12       469\n\n    accuracy                           0.78    872887\n   macro avg       0.63      0.72      0.61    872887\nweighted avg       0.86      0.78      0.79    872887\n"
}