{
  "model": "lr",
  "task": "34class",
  "n_samples": 872887,
  "accuracy": 0.29326820080949767,
  "macro_f1": 0.11623246146186625,
  "weighted_f1": 0.25026044195124464,
  "per_class": {
    "BACKDOOR_MALWARE": {
      "precision": 0.0,
      "recall": 0.0,
      "f1": 0.0,
      "support": 115
    },
    "BENIGN": {
      "precision": 0.035432703957055785,
      "recall": 0.04837150127226463,
      "f1": 0.04090327161622791,
      "support": 39300
    },
    "BROWSERHIJACKING": {
      "precision": 0.0,
      "recall": 0.0,
      "f1": 0.0,
      "support": 210
    },
    "COMMANDINJECTION": {
      "precision": 0.0038815411155836686,
      "recall": 0.13989637305699482,
      "f1": 0.007553503986571549,
      "support": 193
    },
    "DDOS-ACK_FRAGMENTATION": {
      "precision": 0.015593999094991123,
      "recall": 0.04383990605734416,
      "f1": 0.023005032350826744,
      "support": 10219
    },
    "DDOS-HTTP_FLOOD": {
      "precision": 0.25,
      "recall": 0.000966183574879227,
      "f1": 0.0019249278152069298,
      "support": 1035
    },
    "DDOS-ICMP_FLOOD": {
      "precision": 0.7669039145907474,
      "recall": 0.004717858902085272,
      "f1": 0.009378025827648857,
      "support": 91355
    },
    "DDOS-ICMP_FRAGMENTATION": {
      "precision": 0.08215803041866222,
      "recall": 0.8427541145287555,
      "f1": 0.1497202054381988,
      "support": 16223
    },
    "DDOS-PSHACK_FLOOD": {
      "precision": 0.9183870456542722,
      "recall": 0.8544392022303239,
      "f1": 0.8852597885030655,
      "support": 74608
    },
    "DDOS-RSTFINFLOOD": {
      "precision": 0.8613536801183672,
      "recall": 0.9936911156851916,
      "f1": 0.9228019736586502,
      "support": 59757
    },
    "DDOS-SLOWLORIS": {
      "precision": 0.0,
      "recall": 0.0,
      "f1": 0.0,
      "support": 840
    },
    "DDOS-SYNONYMOUSIP_FLOOD": {
      "precision": 0.30759584982235677,
      "recall": 0.9246701659809902,
      "f1": 0.4616287422726307,
      "support": 49343
    },
    "DDOS-SYN_FLOOD": {
      "precision": 0.3916339135317238,
      "recall": 0.021504879063959672,
      "f1": 0.04077099560140872,
      "support": 64869
    },
    "DDOS-TCP_FLOOD": {
      "precision": 0.6048968639946336,
      "recall": 0.05922046365009523,
      "f1": 0.10787934979288481,
      "support": 60908
    },
    "DDOS-UDP_FLOOD": {
      "precision": 0.3324256307672453,
      "recall": 0.31856634016028496,
      "f1": 0.32534845681156493,
      "support": 80856
    },
    "DDOS-UDP_FRAGMENTATION": {
      "precision": 0.0016478866966552353,
      "recall": 0.0035943267923061978,
      "f1": 0.0022597489846398144,
      "support": 10294
    },
    "DICTIONARYBRUTEFORCE": {
      "precision": 0.0,
      "recall": 0.0,
      "f1": 0.0,
      "support": 469
    },
    "DNS_SPOOFING": {
      "precision": 0.0,
      "recall": 0.0,
      "f1": 0.0,
      "support": 6293
    },
    "DOS-HTTP_FLOOD": {
      "precision": 0.07042253521126761,
      "recall": 0.0038819875776397515,
      "f1": 0.007358351729212656,
      "support": 2576
    },
    "DOS-SYN_FLOOD": {
      "precision": 0.35731534221828976,
      "recall": 0.40117554534541994,
      "f1": 0.37797732214064955,
      "support": 48318
    },
    "DOS-TCP_FLOOD": {
      "precision": 0.0,
      "recall": 0.0,
      "f1": 0.0,
      "support": 49871
    },
    "DOS-UDP_FLOOD": {
      "precision": 0.38953488372093026,
      "recall": 0.0008600439007483665,
      "f1": 0.0017162984309958373,
      "support": 77903
    },
    "MIRAI-GREETH_FLOOD": {
      "precision": 0.18768433925616862,
      "recall": 0.07485725762488164,
      "f1": 0.10702711572383804,
      "support": 34853
    },
    "MIRAI-GREIP_FLOOD": {
      "precision": 0.0053475935828877,
      "recall": 3.7524860219895683e-05,
      "f1": 7.452675510508272e-05,
      "support": 26649
    },
    "MIRAI-UDPPLAIN": {
      "precision": 0.27904750966655184,
      "recall": 0.4754109052961127,
      "f1": 0.3516753914071358,
      "support": 30664
    },
    "MITM-ARPSPOOFING": {
      "precision": 0.18668596237337193,
      "recall": 0.038049356012191525,
      "f1": 0.06321463573995427,
      "support": 10171
    },
    "RECON-HOSTDISCOVERY": {
      "precision": 0.102803738317757,
      "recall": 0.0022926219258024177,
      "f1": 0.004485219164118246,
      "support": 4798
    },
    "RECON-OSSCAN": {
      "precision": 0.02998690843117649,
      "recall": 0.8395382395382396,
      "f1": 0.05790552779823636,
      "support": 3465
    },
    "RECON-PINGSWEEP": {
      "precision": 0.0,
      "recall": 0.0,
      "f1": 0.0,
      "support": 81
    },
    "RECON-PORTSCAN": {
      "precision": 0.09090909090909091,
      "recall": 0.0010291595197255575,
      "f1": 0.0020352781546811396,
      "support": 2915
    },
    "SQLINJECTION": {
      "precision": 0.0,
      "recall": 0.0,
      "f1": 0.0,
      "support": 188
    },
    "UPLOADING_ATTACK": {
      "precision": 0.0,
      "recall": 0.0,
      "f1": 0.0,
      "support": 45
    },
    "VULNERABILITYSCAN": {
      "precision": 0.0,
      "recall": 0.0,
      "f1": 0.0,
      "support": 13364
    },
    "XSS": {
      "precision": 0.0,
      "recall": 0.0,
      "f1": 0.0,
      "support": 139
    }
  },
  "fpr_benign": 1.0,