{
  "model": "gb",
  "task": "8class",
  "n_samples": 1028148,
  "accuracy": 0.7830467987099133,
  "macro_f1": 0.6392502877771147,
  "weighted_f1": 0.7987542395532854,
  "per_class": {
    "Benign": {
      "precision": 0.8639589345697118,
      "recall": 0.7745800814387512,
      "f1": 0.8168317938854471,
      "support": 47152
    },
    "DDoS": {
      "precision": 0.9568618829679273,
      "recall": 0.7069693648522714,
      "f1": 0.8131498173741316,
      "support": 609496
    },
    "DoS": {
      "precision": 0.5173435532142519,
      "recall": 0.9076873363524475,
      "f1": 0.6590540531215281,
      "support": 210437
    },
    "Mirai": {
      "precision": 0.9959448573006147,
      "recall": 0.9987926871334943,
      "f1": 0.9973667393343878,
      "support": 110162
    },
    "Recon": {
      "precision": 0.7836552261450773,
      "recall": 0.6470628068393431,
      "f1": 0.7088386929268202,
      "support": 29535
    },
    "Spoofing": {
      "precision": 0.9278569432802459,
      "recall": 0.8413478591335192,
      "f1": 0.8824873770927452,
      "support": 19735
    },
    "Web": {
      "precision": 0.07287549407114624,
      "recall": 0.552434456928839,
      "f1": 0.1287647315582715,
      "support": 1068
    },
    "BruteForce": {
      "precision": 0.059274120007295275,
      "recall": 0.5772646536412078,
      "f1": 0.10750909692358585,
      "support": 563
    }
  },
  "fpr_benign": 0.22542,
  "confusion_matrix": [
    [
      36523,
      0,
      0,
      0,
      4564,
      781,
      2827,
      2457
    ],
    [
      2,
      430895,
      178162,
      386,
      27,
      1,
      23,
      0
    ],
    [
      4,
      19341,
      191011,
      62,
      11,
      6,
      2,
      0
    ],
    [
      1,
      85,
      42,
      110029,
      2,
      3,
      0,
      0
    ],
    [
      4077,
      0,
      0,
      0,
      19111,
      467,
      3668,
      2212
    ],
    [
      1437,
      0,
      0,
      0,
      415,
      16604,
      907,
      372
    ],
    [
      132,
      0,
      0,
      0,
      208,
      21,
      590,
      117
    ],
    [
      98,
      0,
      0,
      0,
      49,
      12,
      79,
      325
    ]
  ],
  "confusion_matrix_labels": [
    "Benign",
    "DDoS",
    "DoS",
    "Mirai",
    "Recon",
    "Spoofing",
    "Web",
    "BruteForce"
  ],
  "classification_report": "              precision    recall  f1-score   support\n\n      Benign       0.86      0.77      0.82     47152\n        DDoS       0.96      0.71      0.81    609496\n         DoS       0.52      0.91      0.66    210437\n       Mirai       1.00      1.00      1.00    110162\n       Recon       0.78      0.65      0.71     29535\n    Spoofing       0.93      0.84      0.88     19735\n         Web       0.07      0.55      0.13      1068\n  BruteForce       0.06      0.58      0.11       563\n\n    accuracy                           0.78   1028148\n   macro avg       0.65      0.75      0.64   1028148\nweighted avg       0.86      0.78      0.80   1028148\n"
}