{
  "model": "gb",
  "task": "binary",
  "n_samples": 2911,
  "accuracy": 0.8935073857780831,
  "macro_f1": 0.8320410214413341,
  "weighted_f1": 0.9022334454511026,
  "per_class": {
    "Benign": {
      "precision": 0.6,
      "recall": 0.9333333333333333,
      "f1": 0.7304347826086957,
      "support": 450
    },
    "Malicious": {
      "precision": 0.9864314789687924,
      "recall": 0.8862251117431938,
      "f1": 0.9336472602739726,
      "support": 2461
    }
  },
  "fpr_benign": 0.066667,
  "roc_auc": 0.9539243306695562,
  "confusion_matrix": [
    [
      420,
      30
    ],
    [
      280,
      2181
    ]
  ],
  "confusion_matrix_labels": [
    "Benign",
    "Malicious"
  ],
  "classification_report": "              precision    recall  f1-score   support\n\n      Benign       0.60      0.93      0.73       450\n   Malicious       0.99      0.89      0.93      2461\n\n    accuracy                           0.89      2911\n   macro avg       0.79      0.91      0.83      2911\nweighted avg       0.93      0.89      0.90      2911\n"
}