{
  "model": "lr",
  "task": "binary",
  "n_samples": 2911,
  "accuracy": 0.8643077980075575,
  "macro_f1": 0.8032110698597321,
  "weighted_f1": 0.8789604658555872,
  "per_class": {
    "Benign": {
      "precision": 0.532777115613826,
      "recall": 0.9933333333333333,
      "f1": 0.6935608999224204,
      "support": 450
    },
    "Malicious": {
      "precision": 0.9985521235521235,
      "recall": 0.8407151564404713,
      "f1": 0.9128612397970439,
      "support": 2461
    }
  },
  "fpr_benign": 0.006667,
  "roc_auc": 0.9562273691814529,
  "confusion_matrix": [
    [
      447,
      3
    ],
    [
      392,
      2069
    ]
  ],
  "confusion_matrix_labels": [
    "Benign",
    "Malicious"
  ],
  "classification_report": "              precision    recall  f1-score   support\n\n      Benign       0.53      0.99      0.69       450\n   Malicious       1.00      0.84      0.91      2461\n\n    accuracy                           0.86      2911\n   macro avg       0.77      0.92      0.80      2911\nweighted avg       0.93      0.86      0.88      2911\n"
}