{
  "model": "lr",
  "task": "8class",
  "n_samples": 1028148,
  "accuracy": 0.7074253901189322,
  "macro_f1": 0.5300660835599098,
  "weighted_f1": 0.7271118619199269,
  "per_class": {
    "Benign": {
      "precision": 0.7723271121705447,
      "recall": 0.6046827281981676,
      "f1": 0.6782999678835242,
      "support": 47152
    },
    "DDoS": {
      "precision": 0.9478446386447309,
      "recall": 0.613757924580309,
      "f1": 0.7450642973302143,
      "support": 609496
    },
    "DoS": {
      "precision": 0.45195018488502275,
      "recall": 0.8996801893203191,
      "f1": 0.6016595004973417,
      "support": 210437
    },
    "Mirai": {
      "precision": 0.9476780508121616,
      "recall": 0.9914308019099145,
      "f1": 0.96906082250122,
      "support": 110162
    },
    "Recon": {
      "precision": 0.7607113985448666,
      "recall": 0.4779075672930422,
      "f1": 0.587024329382408,
      "support": 29535
    },
    "Spoofing": {
      "precision": 0.5085711741395431,
      "recall": 0.5787686850772739,
      "f1": 0.5414039910887803,
      "support": 19735
    },
    "Web": {
      "precision": 0.029497327650361952,
      "recall": 0.40823970037453183,
      "f1": 0.05501924411634804,
      "support": 1068
    },
    "BruteForce": {
      "precision": 0.034180278281911676,
      "recall": 0.40142095914742454,
      "f1": 0.0629965156794425,
      "support": 563
    }
  },
  "fpr_benign": 0.395317,
  "confusion_matrix": [
    [
      28512,
      0,
      1,
      2,
      3186,
      7532,
      4995,
      2924
    ],
    [
      1,
      374083,
      229034,
      5417,
      214,
      415,
      320,
      12
    ],
    [
      1,
      20292,
      189326,
      599,
      46,
      171,
      2,
      0
    ],
    [
      0,
      259,
      547,
      109218,
      0,
      44,
      92,
      2
    ],
    [
      3969,
      1,
      0,
      1,
      14115,
      2689,
      6203,
      2557
    ],
    [
      4091,
      32,
      1,
      11,
      758,
      11422,
      2626,
      794
    ],
    [
      213,
      0,
      0,
      0,
      185,
      137,
      436,
      97
    ],
    [
      130,
      0,
      0,
      0,
      51,
      49,
      107,
      226
    ]
  ],
  "confusion_matrix_labels": [
    "Benign",
    "DDoS",
    "DoS",
    "Mirai",
    "Recon",
    "Spoofing",
    "Web",
    "BruteForce"
  ],
  "classification_report": "              precision    recall  f1-score   support\n\n      Benign       0.77      0.60      0.68     47152\n        DDoS       0.95      0.61      0.75    609496\n         DoS       0.45      0.90      0.60    210437\n       Mirai       0.95      0.99      0.97    110162\n       Recon       0.76      0.48      0.59     29535\n    Spoofing       0.51      0.58      0.54     19735\n         Web       0.03      0.41      0.06      1068\n  BruteForce       0.03      0.40      0.06       563\n\n    accuracy                           0.71   1028148\n   macro avg       0.56      0.62      0.53   1028148\nweighted avg       0.82      0.71      0.73   1028148\n"
}