{
  "model": "lr",
  "task": "8class",
  "n_samples": 841523,
  "accuracy": 0.7086377912427825,
  "macro_f1": 0.530726871763487,
  "weighted_f1": 0.7296886779877828,
  "per_class": {
    "Benign": {
      "precision": 0.7616177584560155,
      "recall": 0.6129075006626027,
      "f1": 0.6792181281482678,
      "support": 37730
    },
    "DDoS": {
      "precision": 0.929365060790807,
      "recall": 0.6325448499691376,
      "f1": 0.7527515881610032,
      "support": 502230
    },
    "DoS": {
      "precision": 0.44525390719504526,
      "recall": 0.8547832750833111,
      "f1": 0.5855149348402722,
      "support": 172246
    },
    "Mirai": {
      "precision": 0.979689606381675,
      "recall": 0.9929089225627244,
      "f1": 0.9862549700256282,
      "support": 88562
    },
    "Recon": {
      "precision": 0.7498716632443532,
      "recall": 0.494331641285956,
      "f1": 0.5958596777483174,
      "support": 23640
    },
    "Spoofing": {
      "precision": 0.4993225766720039,
      "recall": 0.5128075390550882,
      "f1": 0.505975225436051,
      "support": 15811
    },
    "Web": {
      "precision": 0.028910415258691896,
      "recall": 0.45081967213114754,
      "f1": 0.054336320654858515,
      "support": 854
    },
    "BruteForce": {
      "precision": 0.04808714133900106,
      "recall": 0.4022222222222222,
      "f1": 0.08590412909349786,
      "support": 450
    }
  },
  "fpr_benign": 0.387092,
  "confusion_matrix": [
    [
      23125,
      1,
      0,
      0,
      2789,
      5230,
      4897,
      1688
    ],
    [
      26,
      317683,
      183095,
      980,
      76,
      282,
      83,
      5
    ],
    [
      12,
      23997,
      147233,
      843,
      19,
      139,
      3,
      0
    ],
    [
      4,
      133,
      344,
      87934,
      1,
      144,
      0,
      2
    ],
    [
      3152,
      10,
      0,
      0,
      11686,
      2220,
      5208,
      1364
    ],
    [
      3774,
      4,
      0,
      0,
      793,
      8108,
      2661,
      471
    ],
    [
      167,
      0,
      0,
      0,
      159,
      90,
      385,
      53
    ],
    [
      103,
      0,
      0,
      0,
      61,
      25,
      80,
      181
    ]
  ],
  "confusion_matrix_labels": [
    "Benign",
    "DDoS",
    "DoS",
    "Mirai",
    "Recon",
    "Spoofing",
    "Web",
    "BruteForce"
  ],
  "classification_report": "              precision    recall  f1-score   support\n\n      Benign       0.76      0.61      0.68     37730\n        DDoS       0.93      0.63      0.75    502230\n         DoS       0.45      0.85      0.59    172246\n       Mirai       0.98      0.99      0.99     88562\n       Recon       0.75      0.49      0.60     23640\n    Spoofing       0.50      0.51      0.51     15811\n         Web       0.03      0.45      0.05       854\n  BruteForce       0.05      0.40      0.09       450\n\n    accuracy                           0.71    841523\n   macro avg       0.56      0.62      0.53    841523\nweighted avg       0.81      0.71      0.73    841523\n"
}