{
  "model": "lr",
  "task": "8class",
  "n_samples": 1332483,
  "accuracy": 0.709329124649245,
  "macro_f1": 0.529225259711873,
  "weighted_f1": 0.721423516556323,
  "per_class": {
    "Benign": {
      "precision": 0.6559322852519983,
      "recall": 0.8642315096170673,
      "f1": 0.7458108803844173,
      "support": 62857
    },
    "DDoS": {
      "precision": 0.925625046297967,
      "recall": 0.6221438073376927,
      "f1": 0.7441316435826196,
      "support": 783298
    },
    "DoS": {
      "precision": 0.4574935924440052,
      "recall": 0.8523176112046297,
      "f1": 0.5953985502141118,
      "support": 272673
    },
    "Mirai": {
      "precision": 0.873824385179104,
      "recall": 0.9924038830691603,
      "f1": 0.929346884008192,
      "support": 145864
    },
    "Recon": {
      "precision": 0.792086081221798,
      "recall": 0.40597758405977585,
      "f1": 0.5368148670900964,
      "support": 39347
    },
    "Spoofing": {
      "precision": 0.6352480417754569,
      "recall": 0.3704464999429028,
      "f1": 0.467985862325984,
      "support": 26271
    },
    "Web": {
      "precision": 0.03640549066416574,
      "recall": 0.3000702740688686,
      "f1": 0.0649330900243309,
      "support": 1423
    },
    "BruteForce": {
      "precision": 0.09887737478411053,
      "recall": 0.30533333333333335,
      "f1": 0.14938030006523156,
      "support": 750
    }
  },
  "fpr_benign": 0.135768,
  "confusion_matrix": [
    [
      54323,
      4,
      0,
      1,
      2500,
      2433,
      2864,
      732
    ],
    [
      23,
      487324,
      275008,
      19759,
      313,
      653,
      214,
      4
    ],
    [
      11,
      38819,
      232404,
      1134,
      38,
      264,
      0,
      3
    ],
    [
      2,
      302,
      562,
      144756,
      2,
      101,
      137,
      2
    ],
    [
      14569,
      18,
      0,
      0,
      15974,
      1983,
      5749,
      1054
    ],
    [
      12896,
      14,
      20,
      8,
      1066,
      9732,
      2261,
      274
    ],
    [
      684,
      0,
      0,
      0,
      160,
      134,
      427,
      18
    ],
    [
      310,
      0,
      0,
      0,
      114,
      20,
      77,
      229
    ]
  ],
  "confusion_matrix_labels": [
    "Benign",
    "DDoS",
    "DoS",
    "Mirai",
    "Recon",
    "Spoofing",
    "Web",
    "BruteForce"
  ],
  "classification_report": "              precision    recall  f1-score   support\n\n      Benign       0.66      0.86      0.75     62857\n        DDoS       0.93      0.62      0.74    783298\n         DoS       0.46      0.85      0.60    272673\n       Mirai       0.87      0.99      0.93    145864\n       Recon       0.79      0.41      0.54     39347\n    Spoofing       0.64      0.37      0.47     26271\n         Web       0.04      0.30      0.06      1423\n  BruteForce       0.10      0.31      0.15       750\n\n    accuracy                           0.71   1332483\n   macro avg       0.56      0.59      0.53   1332483\nweighted avg       0.80      0.71      0.72   1332483\n"
}